ORIGIN,DEST,UNIQUE_CARRIER,UNIQUE_CARRIER_NAME,DEPARTURES_PERFORMED,SEATS,PASSENGERS,FREIGHT,DISTANCE,YEAR,MONTH,CLASS
ART,YYZ,13Q,Chartright Air Inc.,1.00,8.00,3.00,0.00,446.00,2026,1,L
YYZ,ART,13Q,Chartright Air Inc.,1.00,8.00,3.00,0.00,446.00,2026,1,L
ART,YKF,13Q,Chartright Air Inc.,1.00,10.00,4.00,0.00,482.00,2026,1,L
YKF,ART,13Q,Chartright Air Inc.,1.00,10.00,4.00,0.00,482.00,2026,1,L
ART,MAD,GEQ,"Gestair, S.A.",1.00,12.00,5.00,0.00,3410.00,2026,2,L
MAD,ART,GEQ,"Gestair, S.A.",1.00,12.00,5.00,0.00,3410.00,2026,2,L
NCE,ART,AOQ,Avcon Jet AG,1.00,15.00,2.00,0.00,3807.00,2026,1,L
ART,BDS,AOQ,Avcon Jet AG,1.00,15.00,2.00,0.00,4385.00,2026,1,L
ART,LIN,26Q,Albinati aviation Limited,1.00,13.00,10.00,0.00,3839.00,2026,2,L
FAB,ART,VJT,VistaJet Limited,1.00,14.00,1.00,0.00,3256.00,2026,2,L
NAS,ART,VJT,VistaJet Limited,1.00,14.00,3.00,0.00,1250.00,2026,1,L
ART,MUC,VJT,VistaJet Limited,1.00,14.00,3.00,0.00,3852.00,2026,2,L
ANU,ART,VJT,VistaJet Limited,1.00,14.00,5.00,0.00,1821.00,2026,2,L
FDH,ART,VJT,VistaJet Limited,1.00,14.00,5.00,0.00,3779.00,2026,1,L
ART,YUL,TJ,Tradewind Aviation,1.00,8.00,4.00,0.00,254.00,2026,2,L
LBG,ART,15Q,Air Alsie A/S,1.00,16.00,5.00,0.00,3445.00,2026,1,L
SXM,ART,36Q,Air Hamburg Luftverkehrsgesellschaft mbH,1.00,13.00,6.00,0.00,1739.00,2026,2,L
LIN,ART,24Q,Jet Story,1.00,14.00,10.00,0.00,3839.00,2026,2,L
ART,CMN,SWQ,Swiss Private Jet S.A.,1.00,13.00,3.00,0.00,3442.00,2026,1,L
CMN,ART,SWQ,Swiss Private Jet S.A.,1.00,13.00,4.00,0.00,3442.00,2026,1,L
ART,PLS,2AQ,ABS JETS A.S,1.00,14.00,2.00,440.00,1421.00,2026,2,L
BTS,ART,2AQ,ABS JETS A.S,1.00,14.00,3.00,660.00,4077.00,2026,2,L
ART,VRN,36Q,Air Hamburg Luftverkehrsgesellschaft mbH,1.00,12.00,2.00,0.00,3910.00,2026,2,L
VRN,ART,36Q,Air Hamburg Luftverkehrsgesellschaft mbH,1.00,14.00,2.00,0.00,3910.00,2026,2,L
ART,YYZ,QK,Jazz Aviation LP,1.00,78.00,61.00,0.00,446.00,2026,1,F
YYZ,ART,QK,Jazz Aviation LP,1.00,78.00,73.00,0.00,446.00,2026,1,F
ART,YUL,QK,Jazz Aviation LP,1.00,76.00,26.00,0.00,254.00,2026,1,F
YUL,ART,QK,Jazz Aviation LP,1.00,76.00,53.00,0.00,254.00,2026,1,F
YUL,ART,QK,Jazz Aviation LP,1.00,76.00,70.00,0.00,254.00,2026,2,F
ART,YUL,QK,Jazz Aviation LP,1.00,76.00,71.00,0.00,254.00,2026,2,F
ART,KEF,FI,Icelandair,1.00,160.00,42.00,0.00,2413.00,2026,1,F
ART,YYZ,1EQ,"KaiserAir, Inc.",1.00,68.00,55.00,0.00,446.00,2026,1,L
ART,MEX,AM,Aeromexico,1.00,160.00,143.00,0.00,2276.00,2026,1,F
MEX,ART,AM,Aeromexico,1.00,160.00,157.00,0.00,2276.00,2026,1,F
YUL,ART,AC,Air Canada,1.00,70.00,63.00,0.00,254.00,2026,1,L
ART,YUL,AC,Air Canada,1.00,70.00,62.00,0.00,254.00,2026,1,L
MEX,ART,AM,Aeromexico,1.00,181.00,156.00,0.00,2276.00,2026,1,F
NAS,ART,DL,Delta Air Lines Inc.,1.00,130.00,102.00,0.00,1250.00,2026,2,F
ART,NAS,DL,Delta Air Lines Inc.,1.00,130.00,107.00,0.00,1250.00,2026,2,F
ART,KEF,FI,Icelandair,1.00,183.00,113.00,317.00,2413.00,2026,1,F
YYZ,ART,AC,Air Canada,1.00,169.00,105.00,0.00,446.00,2026,1,F
KEF,ART,FI,Icelandair,1.00,183.00,183.00,2429.00,2413.00,2026,1,F
ART,MBJ,DL,Delta Air Lines Inc.,1.00,160.00,159.00,0.00,1693.00,2026,2,F
MBJ,ART,DL,Delta Air Lines Inc.,1.00,160.00,160.00,0.00,1693.00,2026,2,F
ART,KIN,B6,JetBlue Airways,1.00,162.00,109.00,0.00,1717.00,2026,1,F
ART,MEX,AM,Aeromexico,1.00,181.00,165.00,0.00,2276.00,2026,1,F
ART,YYZ,AC,Air Canada,1.00,169.00,58.00,0.00,446.00,2026,1,F
ART,PUJ,DL,Delta Air Lines Inc.,1.00,189.00,131.00,0.00,1646.00,2026,1,F
AUA,ART,DL,Delta Air Lines Inc.,1.00,189.00,139.00,0.00,2057.00,2026,2,F
AMS,ART,UA,United Air Lines Inc.,1.00,203.00,189.00,9509.00,3457.00,2026,1,F
DEL,ART,UA,United Air Lines Inc.,1.00,257.00,224.00,0.00,7146.00,2026,2,F
CUN,ART,BA,British Airways Plc,1.00,332.00,276.00,0.00,1734.00,2026,1,F
ART,LGW,BA,British Airways Plc,1.00,332.00,276.00,0.00,3283.00,2026,1,F
LHR,ART,BA,British Airways Plc,1.00,204.00,186.00,15919.00,3265.00,2026,1,F
ART,TLV,LY,El Al Israel Airlines Ltd.,1.00,259.00,126.00,0.00,5492.00,2026,1,F
TLV,ART,LY,El Al Israel Airlines Ltd.,1.00,267.00,259.00,17129.00,5492.00,2026,1,F
ART,FCO,DL,Delta Air Lines Inc.,1.00,281.00,261.00,11089.00,4093.00,2026,2,F
ART,AMS,DL,Delta Air Lines Inc.,1.00,281.00,253.00,1489.00,3457.00,2026,2,F
AMS,ART,DL,Delta Air Lines Inc.,1.00,282.00,212.00,40421.00,3457.00,2026,1,F
ART,AMS,DL,Delta Air Lines Inc.,1.00,282.00,267.00,6606.00,3457.00,2026,1,F
AMS,ART,DL,Delta Air Lines Inc.,1.00,282.00,275.00,0.00,3457.00,2026,2,F
ART,AMS,KL,Klm Royal Dutch Airlines,1.00,275.00,126.00,7830.00,3457.00,2026,2,F
AMS,ART,KL,Klm Royal Dutch Airlines,1.00,275.00,170.00,3278.00,3457.00,2026,1,F
ART,AMS,KL,Klm Royal Dutch Airlines,1.00,275.00,255.00,1142.00,3457.00,2026,1,F
AMS,ART,KL,Klm Royal Dutch Airlines,1.00,275.00,261.00,46552.00,3457.00,2026,2,F
ART,LHR,BA,British Airways Plc,1.00,332.00,258.00,0.00,3265.00,2026,2,F
ART,HND,CX,Cathay Pacific Airways Ltd.,1.00,334.00,314.00,36621.00,6728.00,2026,1,F
ART,GRU,JJ,TAM Linhas Aereas SA dba Latam Airlines Brasil,1.00,300.00,277.00,0.00,4790.00,2026,1,F
ART,CDG,AF,Compagnie Natl Air France,1.00,282.00,277.00,18249.00,3449.00,2026,2,F
CDG,ART,AF,Compagnie Natl Air France,1.00,292.00,141.00,41070.00,3449.00,2026,2,F
ART,AMS,KL,Klm Royal Dutch Airlines,1.00,318.00,57.00,0.00,3457.00,2026,2,F
AMS,ART,KL,Klm Royal Dutch Airlines,1.00,318.00,132.00,0.00,3457.00,2026,2,F
CDG,ART,AF,Compagnie Natl Air France,1.00,296.00,284.00,0.00,3449.00,2026,1,F
ART,GIG,JJ,TAM Linhas Aereas SA dba Latam Airlines Brasil,1.00,300.00,277.00,757.00,4821.00,2026,2,F
ART,IST,TK,Turk Hava Yollari A.O.,1.00,349.00,314.00,21723.00,4812.00,2026,1,F
IST,ART,TK,Turk Hava Yollari A.O.,1.00,349.00,334.00,31086.00,4812.00,2026,1,F
ART,GRU,JJ,TAM Linhas Aereas SA dba Latam Airlines Brasil,1.00,298.00,263.00,0.00,4790.00,2026,2,F
AMS,ART,KL,Klm Royal Dutch Airlines,1.00,381.00,154.00,35105.00,3457.00,2026,2,F
ART,AMS,KL,Klm Royal Dutch Airlines,1.00,381.00,267.00,10505.00,3457.00,2026,2,F
ART,AMS,KL,Klm Royal Dutch Airlines,1.00,381.00,280.00,6131.00,3457.00,2026,1,F
ART,YYZ,07Q,Flair Airlines Ltd.,1.00,189.00,143.00,0.00,446.00,2026,2,L
ART,DOH,QR,Qatar Airways (Q.C.S.C),1.00,327.00,161.00,16689.00,6517.00,2026,2,F
DOH,ART,QR,Qatar Airways (Q.C.S.C),1.00,327.00,309.00,7388.00,6517.00,2026,1,F
DOH,ART,QR,Qatar Airways (Q.C.S.C),1.00,327.00,316.00,24554.00,6517.00,2026,2,F
ART,DOH,QR,Qatar Airways (Q.C.S.C),1.00,327.00,321.00,13814.00,6517.00,2026,1,F
YYZ,ART,QK,Jazz Aviation LP,2.00,152.00,103.00,0.00,446.00,2026,2,F
ART,YYZ,QK,Jazz Aviation LP,2.00,152.00,131.00,0.00,446.00,2026,2,F
ART,SAL,TA,Taca International Airlines,2.00,318.00,187.00,0.00,2266.00,2026,2,F
ART,SAL,TA,Taca International Airlines,2.00,300.00,264.00,0.00,2266.00,2026,1,F
KEF,ART,FI,Icelandair,2.00,320.00,319.00,6362.00,2413.00,2026,1,F
SAL,ART,TA,Taca International Airlines,2.00,354.00,336.00,37.00,2266.00,2026,1,F
SAL,ART,TA,Taca International Airlines,2.00,355.00,276.00,2081.00,2266.00,2026,2,F
ART,YYZ,DL,Delta Air Lines Inc.,2.00,144.00,63.00,0.00,446.00,2026,1,L
ART,FRA,LH,Lufthansa German Airlines,2.00,558.00,384.00,38619.00,3669.00,2026,1,F
FRA,ART,LH,Lufthansa German Airlines,2.00,558.00,501.00,24915.00,3669.00,2026,1,F
HKG,ART,CX,Cathay Pacific Airways Ltd.,2.00,560.00,515.00,22587.00,7968.00,2026,2,F
ART,HKG,CX,Cathay Pacific Airways Ltd.,2.00,560.00,544.00,1421.00,7968.00,2026,2,F
ART,LHR,VS,Virgin Atlantic Airways,2.00,528.00,379.00,3599.00,3265.00,2026,1,F
LHR,ART,VS,Virgin Atlantic Airways,2.00,528.00,454.00,36887.00,3265.00,2026,1,F
LHR,ART,BA,British Airways Plc,2.00,664.00,430.00,27819.00,3265.00,2026,2,F
GRU,ART,JJ,TAM Linhas Aereas SA dba Latam Airlines Brasil,2.00,600.00,535.00,0.00,4790.00,2026,1,F
ART,GRU,JJ,TAM Linhas Aereas SA dba Latam Airlines Brasil,2.00,300.00,234.00,22092.00,4790.00,2026,1,L
LHR,ART,VS,Virgin Atlantic Airways,2.00,516.00,509.00,6028.00,3265.00,2026,1,F
IST,ART,TK,Turk Hava Yollari A.O.,2.00,578.00,525.00,34082.00,4812.00,2026,2,F
ART,IST,TK,Turk Hava Yollari A.O.,2.00,578.00,550.00,23245.00,4812.00,2026,2,F
IST,ART,TK,Turk Hava Yollari A.O.,2.00,600.00,532.00,48844.00,4812.00,2026,1,F
AMS,ART,KL,Klm Royal Dutch Airlines,2.00,762.00,390.00,39712.00,3457.00,2026,1,F
ART,MEX,AM,Aeromexico,3.00,543.00,391.00,0.00,2276.00,2026,2,F
MEX,ART,AM,Aeromexico,3.00,543.00,473.00,0.00,2276.00,2026,2,F
ART,TER,S4,Sata Internacional,3.00,549.00,222.00,0.00,2298.00,2026,2,F
TER,ART,S4,Sata Internacional,3.00,549.00,314.00,0.00,2298.00,2026,2,F
ART,LHR,BA,British Airways Plc,3.00,622.00,339.00,10881.00,3265.00,2026,1,F
ART,LHR,BA,British Airways Plc,3.00,762.00,480.00,23239.00,3265.00,2026,2,F
LHR,ART,BA,British Airways Plc,3.00,762.00,610.00,73005.00,3265.00,2026,2,F
ART,LHR,VS,Virgin Atlantic Airways,3.00,774.00,580.00,0.00,3265.00,2026,1,F
ART,IST,TK,Turk Hava Yollari A.O.,3.00,900.00,791.00,26088.00,4812.00,2026,1,F
ART,TER,S4,Sata Internacional,4.00,736.00,289.00,0.00,2298.00,2026,1,F
TER,ART,S4,Sata Internacional,4.00,740.00,351.00,0.00,2298.00,2026,1,F
ART,FRA,LH,Lufthansa German Airlines,4.00,1116.00,502.00,99165.00,3669.00,2026,2,F
FRA,ART,LH,Lufthansa German Airlines,4.00,1116.00,515.00,85666.00,3669.00,2026,2,F
BDA,ART,2T,BermudAir,5.00,355.00,177.00,0.00,772.00,2026,2,F
ART,BDA,2T,BermudAir,5.00,355.00,243.00,0.00,772.00,2026,2,F
ART,PTY,CM,Compania Panamena (Copa),5.00,862.00,779.00,0.00,2348.00,2026,2,F
PTY,ART,CM,Compania Panamena (Copa),5.00,862.00,693.00,3401.00,2348.00,2026,2,F
ART,VIE,OS,Austrian Airlines,5.00,1055.00,977.00,22343.00,4053.00,2026,1,F
VIE,ART,OS,Austrian Airlines,5.00,1133.00,1133.00,9772.00,4053.00,2026,1,F
ART,IST,TK,Turk Hava Yollari A.O.,5.00,1445.00,1306.00,54771.00,4812.00,2026,1,F
IST,ART,TK,Turk Hava Yollari A.O.,5.00,1445.00,1358.00,32991.00,4812.00,2026,1,F
ART,BDA,2T,BermudAir,6.00,426.00,154.00,0.00,772.00,2026,1,F
BDA,ART,2T,BermudAir,6.00,426.00,206.00,0.00,772.00,2026,1,F
ZRH,ART,LX,Swiss International Airlines,6.00,1416.00,982.00,141764.00,3745.00,2026,1,F
LHR,ART,BA,British Airways Plc,6.00,1524.00,1481.00,108869.00,3265.00,2026,1,F
ART,ZRH,LX,Swiss International Airlines,7.00,1652.00,1207.00,90737.00,3745.00,2026,1,F
ART,LHR,VS,Virgin Atlantic Airways,7.00,1848.00,1026.00,50488.00,3265.00,2026,2,F
ART,LHR,BA,British Airways Plc,7.00,1778.00,1216.00,2215.00,3265.00,2026,1,F
VIE,ART,OS,Austrian Airlines,7.00,1477.00,607.00,46233.00,4053.00,2026,2,F
ART,VIE,OS,Austrian Airlines,7.00,1477.00,956.00,25975.00,4053.00,2026,2,F
AXA,ART,2T,BermudAir,8.00,768.00,384.00,0.00,1729.00,2026,2,F
ART,AXA,2T,BermudAir,8.00,768.00,387.00,0.00,1729.00,2026,2,F
ART,BDA,2T,BermudAir,8.00,768.00,438.00,0.00,772.00,2026,2,F
ART,PTY,CM,Compania Panamena (Copa),8.00,1328.00,1129.00,0.00,2348.00,2026,1,F
ART,PTY,CM,Compania Panamena (Copa),8.00,1328.00,1246.00,568.00,2348.00,2026,2,F
PTY,ART,CM,Compania Panamena (Copa),8.00,1328.00,1265.00,1921.00,2348.00,2026,1,F
PTY,ART,CM,Compania Panamena (Copa),8.00,1328.00,1109.00,5524.00,2348.00,2026,2,F
ZRH,ART,LX,Swiss International Airlines,8.00,1888.00,1276.00,237714.00,3745.00,2026,2,F
ART,ZRH,LX,Swiss International Airlines,8.00,1888.00,1568.00,79031.00,3745.00,2026,2,F
ART,FRA,LH,Lufthansa German Airlines,8.00,2248.00,2080.00,95251.00,3669.00,2026,1,F
LHR,ART,VS,Virgin Atlantic Airways,8.00,2112.00,1498.00,218893.00,3265.00,2026,2,F
AMS,ART,KL,Klm Royal Dutch Airlines,8.00,2304.00,1804.00,241173.00,3457.00,2026,1,F
ART,AXA,2T,BermudAir,9.00,864.00,315.00,0.00,1729.00,2026,1,F
AXA,ART,2T,BermudAir,9.00,864.00,359.00,0.00,1729.00,2026,1,F
FRA,ART,LH,Lufthansa German Airlines,9.00,2529.00,2463.00,107679.00,3669.00,2026,1,F
AMS,ART,KL,Klm Royal Dutch Airlines,9.00,2586.00,1631.00,285985.00,3457.00,2026,2,F
ART,AMS,KL,Klm Royal Dutch Airlines,9.00,2586.00,1905.00,91850.00,3457.00,2026,2,F
ART,AMS,KL,Klm Royal Dutch Airlines,9.00,2592.00,1911.00,70272.00,3457.00,2026,1,F
ART,GRU,JJ,TAM Linhas Aereas SA dba Latam Airlines Brasil,9.00,2696.00,2365.00,47533.00,4790.00,2026,2,F
ART,BDA,2T,BermudAir,10.00,960.00,403.00,0.00,772.00,2026,1,F
BDA,ART,2T,BermudAir,10.00,960.00,441.00,0.00,772.00,2026,1,F
BDA,ART,2T,BermudAir,10.00,960.00,603.00,0.00,772.00,2026,2,F
ART,LHR,BA,British Airways Plc,10.00,2158.00,1509.00,8732.00,3265.00,2026,2,F
GRU,ART,JJ,TAM Linhas Aereas SA dba Latam Airlines Brasil,10.00,2994.00,2659.00,197655.00,4790.00,2026,1,F
ART,TLV,LY,El Al Israel Airlines Ltd.,11.00,2593.00,2047.00,0.00,5492.00,2026,2,F
LHR,ART,BA,British Airways Plc,11.00,2374.00,1576.00,250474.00,3265.00,2026,2,F
ART,LHR,BA,British Airways Plc,11.00,2374.00,1940.00,42627.00,3265.00,2026,1,F
LHR,ART,BA,British Airways Plc,11.00,2374.00,2075.00,65804.00,3265.00,2026,1,F
ART,BCN,LL,LEVEL,11.00,3025.00,1875.00,6437.00,3650.00,2026,2,F
BCN,ART,LL,LEVEL,11.00,3025.00,2044.00,166927.00,3650.00,2026,2,F
GRU,ART,JJ,TAM Linhas Aereas SA dba Latam Airlines Brasil,11.00,3294.00,2577.00,219151.00,4790.00,2026,2,F
ART,GRU,JJ,TAM Linhas Aereas SA dba Latam Airlines Brasil,11.00,3294.00,2853.00,62091.00,4790.00,2026,1,F
ART,SDQ,DM,Arajet S.A.,12.00,2244.00,1398.00,46145.00,1651.00,2026,2,F
SDQ,ART,DM,Arajet S.A.,12.00,2244.00,1489.00,40834.00,1651.00,2026,2,F
ART,BOG,AV,Aerovias Nacl De Colombia,12.00,2068.00,1641.00,0.00,2599.00,2026,2,F
BOG,ART,AV,Aerovias Nacl De Colombia,12.00,2124.00,1403.00,15.00,2599.00,2026,2,F
TLV,ART,LY,El Al Israel Airlines Ltd.,12.00,2813.00,2391.00,97189.00,5492.00,2026,2,F
TLV,ART,LY,El Al Israel Airlines Ltd.,12.00,2826.00,2777.00,93962.00,5492.00,2026,1,F
ART,TLV,LY,El Al Israel Airlines Ltd.,12.00,2839.00,2385.00,0.00,5492.00,2026,1,F
ART,BOG,AV,Aerovias Nacl De Colombia,14.00,2452.00,1779.00,0.00,2599.00,2026,1,F
BOG,ART,AV,Aerovias Nacl De Colombia,14.00,2475.00,2148.00,359.00,2599.00,2026,1,F
ART,SAL,TA,Taca International Airlines,14.00,2478.00,2014.00,112.00,2266.00,2026,1,F
ART,SAL,TA,Taca International Airlines,14.00,2478.00,1954.00,0.00,2266.00,2026,2,F
SAL,ART,TA,Taca International Airlines,14.00,2482.00,2281.00,7669.00,2266.00,2026,1,F
SAL,ART,TA,Taca International Airlines,14.00,2478.00,2161.00,12883.00,2266.00,2026,2,F
ART,PTY,CM,Compania Panamena (Copa),15.00,2554.00,2118.00,851.00,2348.00,2026,1,F
PTY,ART,CM,Compania Panamena (Copa),16.00,2728.00,2529.00,8791.00,2348.00,2026,1,F
ART,FRA,LH,Lufthansa German Airlines,16.00,4080.00,2890.00,320615.00,3669.00,2026,1,F
FRA,ART,LH,Lufthansa German Airlines,16.00,4080.00,3460.00,367248.00,3669.00,2026,1,F
IST,ART,TK,Turk Hava Yollari A.O.,16.00,5264.00,3886.00,403643.00,4812.00,2026,2,F
ART,IST,TK,Turk Hava Yollari A.O.,16.00,5264.00,3927.00,281668.00,4812.00,2026,2,F
ART,SDQ,DM,Arajet S.A.,17.00,3008.00,1425.00,52551.00,1651.00,2026,1,F
SDQ,ART,DM,Arajet S.A.,17.00,3193.00,2891.00,100214.00,1651.00,2026,1,F
CDG,ART,AF,Compagnie Natl Air France,18.00,5256.00,4129.00,393160.00,3449.00,2026,2,F
ART,CDG,AF,Compagnie Natl Air France,18.00,5256.00,4437.00,139795.00,3449.00,2026,2,F
LHR,ART,VS,Virgin Atlantic Airways,18.00,4788.00,2895.00,506823.00,3265.00,2026,2,F
ZRH,ART,LX,Swiss International Airlines,18.00,4248.00,3423.00,487912.00,3745.00,2026,2,F
ART,ZRH,LX,Swiss International Airlines,18.00,4248.00,3587.00,203300.00,3745.00,2026,2,F
CPH,ART,SK,Scandinavian Airlines Sys.,19.00,2983.00,2541.00,1351.00,3670.00,2026,1,F
ART,LHR,VS,Virgin Atlantic Airways,19.00,5054.00,2949.00,139883.00,3265.00,2026,2,F
ART,IST,TK,Turk Hava Yollari A.O.,19.00,6251.00,3903.00,241523.00,4812.00,2026,1,F
ART,CPH,SK,Scandinavian Airlines Sys.,20.00,3137.00,2669.00,2042.00,3670.00,2026,1,F
IST,ART,TK,Turk Hava Yollari A.O.,20.00,6580.00,6037.00,499886.00,4812.00,2026,1,F
FRA,ART,LH,Lufthansa German Airlines,21.00,5355.00,3759.00,473554.00,3669.00,2026,2,F
ART,YYZ,AC,Air Canada,22.00,3014.00,1760.00,0.00,446.00,2026,1,F
ART,FRA,LH,Lufthansa German Airlines,22.00,5610.00,4464.00,431873.00,3669.00,2026,2,F
YYZ,ART,AC,Air Canada,23.00,3151.00,2439.00,328.00,446.00,2026,1,F
MEX,ART,AM,Aeromexico,23.00,3818.00,2961.00,0.00,2276.00,2026,2,F
ART,CPH,SK,Scandinavian Airlines Sys.,23.00,3607.00,2994.00,1366.00,3670.00,2026,2,F
CPH,ART,SK,Scandinavian Airlines Sys.,23.00,3610.00,2745.00,1511.00,3670.00,2026,2,F
ART,MEX,AM,Aeromexico,23.00,3818.00,3271.00,0.00,2276.00,2026,2,F
ART,CDG,AF,Compagnie Natl Air France,23.00,6716.00,5925.00,178075.00,3449.00,2026,1,F
CDG,ART,AF,Compagnie Natl Air France,23.00,6716.00,6040.00,404644.00,3449.00,2026,1,F
ART,LHR,BA,British Airways Plc,23.00,5888.00,3663.00,21133.00,3265.00,2026,2,F
LHR,ART,BA,British Airways Plc,23.00,5888.00,3411.00,500608.00,3265.00,2026,2,F
ART,ZRH,LX,Swiss International Airlines,23.00,5582.00,4810.00,209988.00,3745.00,2026,1,F
ART,YYZ,AC,Air Canada,24.00,3288.00,2185.00,1038.00,446.00,2026,2,F
ART,PTY,CM,Compania Panamena (Copa),24.00,3936.00,3738.00,660.00,2348.00,2026,2,F
PTY,ART,CM,Compania Panamena (Copa),24.00,3936.00,3328.00,6629.00,2348.00,2026,2,F
PDL,ART,S4,Sata Internacional,24.00,4393.00,3290.00,6362.00,2395.00,2026,1,F
ART,PDL,S4,Sata Internacional,24.00,4397.00,2505.00,147.00,2395.00,2026,1,F
ART,PDL,S4,Sata Internacional,24.00,4404.00,3031.00,2.00,2395.00,2026,2,F
PDL,ART,S4,Sata Internacional,24.00,4405.00,2797.00,5071.00,2395.00,2026,2,F
MUC,ART,LH,Lufthansa German Airlines,24.00,7032.00,4930.00,747113.00,3852.00,2026,2,F
ART,MUC,LH,Lufthansa German Airlines,24.00,7032.00,5111.00,425218.00,3852.00,2026,2,F
HKG,ART,CX,Cathay Pacific Airways Ltd.,24.00,8016.00,6378.00,470591.00,7968.00,2026,2,F
ART,HKG,CX,Cathay Pacific Airways Ltd.,24.00,8016.00,7730.00,54241.00,7968.00,2026,2,F
ZRH,ART,LX,Swiss International Airlines,24.00,5818.00,5269.00,305501.00,3745.00,2026,1,F
ART,YOW,P3,Porter Airlines Inc. (PAI),25.00,1950.00,1048.00,0.00,309.00,2026,2,F
YYZ,ART,AC,Air Canada,25.00,3425.00,2395.00,31.00,446.00,2026,2,F
ART,DOH,QR,Qatar Airways (Q.C.S.C),25.00,7075.00,6347.00,308519.00,6517.00,2026,2,F
YOW,ART,P3,Porter Airlines Inc. (PAI),26.00,2028.00,1082.00,0.00,309.00,2026,2,F
ART,AUH,EY,Etihad Airways,26.00,8896.00,6696.00,363425.00,6680.00,2026,2,F
ART,MUC,LH,Lufthansa German Airlines,26.00,7591.00,6306.00,299988.00,3852.00,2026,1,F
DOH,ART,QR,Qatar Airways (Q.C.S.C),26.00,7358.00,6554.00,304042.00,6517.00,2026,2,F
SNN,ART,EI,Aer Lingus Plc,27.00,4968.00,2574.00,0.00,2895.00,2026,2,F
ART,SNN,EI,Aer Lingus Plc,27.00,4968.00,2905.00,11101.00,2895.00,2026,2,F
ART,NRT,JL,Japan Air Lines Co. Ltd.,27.00,5265.00,4204.00,257497.00,6701.00,2026,2,F
AUH,ART,EY,Etihad Airways,27.00,8896.00,7477.00,206386.00,6680.00,2026,2,F
NRT,ART,JL,Japan Air Lines Co. Ltd.,27.00,5265.00,3400.00,840976.00,6701.00,2026,2,F
ART,ICN,KE,Korean Air Lines Co. Ltd.,27.00,7493.00,6379.00,208450.00,6829.00,2026,2,F
ICN,ART,KE,Korean Air Lines Co. Ltd.,27.00,7493.00,5976.00,803486.00,6829.00,2026,2,F
MUC,ART,LH,Lufthansa German Airlines,27.00,7859.00,6668.00,547516.00,3852.00,2026,1,F
YOW,ART,P3,Porter Airlines Inc. (PAI),28.00,2184.00,1291.00,0.00,309.00,2026,1,F
MEX,ART,AM,Aeromexico,28.00,4648.00,4405.00,0.00,2276.00,2026,1,F
ART,MEX,AM,Aeromexico,28.00,4648.00,3847.00,0.00,2276.00,2026,1,F
ART,LHR,VS,Virgin Atlantic Airways,28.00,7448.00,4559.00,117913.00,3265.00,2026,1,F
LHR,ART,VS,Virgin Atlantic Airways,28.00,7448.00,5510.00,696751.00,3265.00,2026,1,F
ART,HKG,CX,Cathay Pacific Airways Ltd.,28.00,9352.00,8521.00,10657.00,7968.00,2026,1,F
SNN,ART,EI,Aer Lingus Plc,29.00,5336.00,3324.00,0.00,2895.00,2026,1,F
ART,SNN,EI,Aer Lingus Plc,29.00,5336.00,2905.00,10100.00,2895.00,2026,1,F
ART,KEF,FI,Icelandair,29.00,7598.00,4907.00,108871.00,2413.00,2026,1,F
ART,ICN,KE,Korean Air Lines Co. Ltd.,29.00,8033.00,6534.00,195807.00,6829.00,2026,1,F
KEF,ART,FI,Icelandair,29.00,7598.00,6044.00,813391.00,2413.00,2026,1,F
ICN,ART,KE,Korean Air Lines Co. Ltd.,29.00,8033.00,7303.00,733971.00,6829.00,2026,1,F
ART,LHR,BA,British Airways Plc,29.00,7424.00,4290.00,21054.00,3265.00,2026,1,F
LHR,ART,BA,British Airways Plc,29.00,7424.00,5709.00,367895.00,3265.00,2026,1,F
ART,DOH,QR,Qatar Airways (Q.C.S.C),29.00,8207.00,7730.00,264319.00,6517.00,2026,1,F
DOH,ART,QR,Qatar Airways (Q.C.S.C),29.00,8207.00,8008.00,210544.00,6517.00,2026,1,F
ART,YOW,P3,Porter Airlines Inc. (PAI),30.00,2340.00,904.00,0.00,309.00,2026,1,F
ART,NRT,JL,Japan Air Lines Co. Ltd.,30.00,5850.00,4466.00,384014.00,6701.00,2026,1,F
ART,AUH,EY,Etihad Airways,30.00,9090.00,8522.00,185057.00,6680.00,2026,1,F
AUH,ART,EY,Etihad Airways,30.00,9090.00,8939.00,153256.00,6680.00,2026,1,F
NRT,ART,JL,Japan Air Lines Co. Ltd.,30.00,5850.00,4984.00,938188.00,6701.00,2026,1,F
HKG,ART,CX,Cathay Pacific Airways Ltd.,30.00,10020.00,9541.00,469531.00,7968.00,2026,1,F
MAD,ART,IB,Iberia Air Lines Of Spain,31.00,5641.00,4241.00,0.00,3410.00,2026,2,F
ART,MAD,IB,Iberia Air Lines Of Spain,31.00,5642.00,4803.00,0.00,3410.00,2026,2,F
ART,PTY,CM,Compania Panamena (Copa),33.00,5460.00,4659.00,858.00,2348.00,2026,1,F
PTY,ART,CM,Compania Panamena (Copa),33.00,5460.00,5216.00,21322.00,2348.00,2026,1,F
ART,LHR,BA,British Airways Plc,34.00,8693.00,5704.00,49782.00,3265.00,2026,1,F
LIS,ART,TP,TAP-TAP Air Portugal,35.00,5877.00,4884.00,40031.00,3192.00,2026,2,F
ART,LIS,TP,TAP-TAP Air Portugal,35.00,5875.00,5082.00,2112.00,3192.00,2026,2,F
LHR,ART,BA,British Airways Plc,35.00,8965.00,7232.00,434073.00,3265.00,2026,1,F
LHR,ART,BA,British Airways Plc,39.00,10201.00,7049.00,778103.00,3265.00,2026,2,F
ART,LHR,BA,British Airways Plc,40.00,10473.00,7188.00,56441.00,3265.00,2026,2,F
ART,MAD,IB,Iberia Air Lines Of Spain,44.00,8008.00,5731.00,0.00,3410.00,2026,1,F
MAD,ART,IB,Iberia Air Lines Of Spain,44.00,8008.00,6734.00,0.00,3410.00,2026,1,F
LIS,ART,TP,TAP-TAP Air Portugal,46.00,7718.00,6913.00,31836.00,3192.00,2026,1,F
ART,LIS,TP,TAP-TAP Air Portugal,46.00,7720.00,5898.00,3256.00,3192.00,2026,1,F
DUB,ART,EI,Aer Lingus Plc,54.00,9936.00,7240.00,0.00,2993.00,2026,2,F
ART,DUB,EI,Aer Lingus Plc,54.00,9936.00,7521.00,3575.00,2993.00,2026,2,F
ART,DUB,EI,Aer Lingus Plc,60.00,11990.00,8803.00,7636.00,2993.00,2026,1,F
DUB,ART,EI,Aer Lingus Plc,60.00,11990.00,9447.00,63100.00,2993.00,2026,1,F
YTZ,ART,P3,Porter Airlines Inc. (PAI),68.00,5304.00,3491.00,0.00,434.00,2026,2,F
ART,YTZ,P3,Porter Airlines Inc. (PAI),69.00,5382.00,3551.00,0.00,434.00,2026,2,F
ART,YTZ,P3,Porter Airlines Inc. (PAI),73.00,5694.00,3311.00,0.00,434.00,2026,1,F
YUL,ART,QK,Jazz Aviation LP,73.00,5548.00,4050.00,0.00,254.00,2026,2,F
ART,YUL,QK,Jazz Aviation LP,75.00,5700.00,4344.00,0.00,254.00,2026,2,F
YTZ,ART,P3,Porter Airlines Inc. (PAI),76.00,5928.00,4326.00,0.00,434.00,2026,1,F
ART,YUL,QK,Jazz Aviation LP,82.00,6232.00,4438.00,0.00,254.00,2026,1,F
YUL,ART,QK,Jazz Aviation LP,83.00,6308.00,5200.00,0.00,254.00,2026,1,F
YYZ,ART,QK,Jazz Aviation LP,85.00,6460.00,5890.00,0.00,446.00,2026,1,F
ART,YYZ,QK,Jazz Aviation LP,87.00,6612.00,5854.00,0.00,446.00,2026,2,F
ART,YYZ,QK,Jazz Aviation LP,88.00,6688.00,5186.00,0.00,446.00,2026,1,F
YYZ,ART,QK,Jazz Aviation LP,88.00,6688.00,5807.00,0.00,446.00,2026,2,F
ART,NAS,DL,Delta Air Lines Inc.,1.00,109.00,95.00,0.00,1250.00,2026,1,F
NAS,ART,DL,Delta Air Lines Inc.,1.00,109.00,104.00,0.00,1250.00,2026,1,F
MBJ,ART,B6,JetBlue Airways,1.00,140.00,125.00,0.00,1693.00,2026,2,F
ART,POP,B6,JetBlue Airways,1.00,140.00,127.00,0.00,1558.00,2026,2,F
ART,MBJ,B6,JetBlue Airways,1.00,140.00,132.00,0.00,1693.00,2026,2,F
POP,ART,B6,JetBlue Airways,1.00,140.00,135.00,0.00,1558.00,2026,2,F
ART,PLS,B6,JetBlue Airways,1.00,140.00,138.00,0.00,1421.00,2026,2,F
PLS,ART,B6,JetBlue Airways,1.00,140.00,139.00,0.00,1421.00,2026,2,F
ART,PLS,DL,Delta Air Lines Inc.,1.00,160.00,126.00,0.00,1421.00,2026,2,F
ART,BDA,B6,JetBlue Airways,1.00,162.00,68.00,0.00,772.00,2026,2,F
BGI,ART,B6,JetBlue Airways,1.00,162.00,76.00,0.00,2132.00,2026,2,F
ART,BGI,B6,JetBlue Airways,1.00,162.00,93.00,0.00,2132.00,2026,2,F
ART,GCM,B6,JetBlue Airways,1.00,162.00,145.00,0.00,1701.00,2026,1,F
GCM,ART,B6,JetBlue Airways,1.00,162.00,154.00,0.00,1701.00,2026,1,F
PUJ,ART,AA,American Airlines Inc.,1.00,190.00,130.00,0.00,1646.00,2026,2,F
ART,PUJ,AA,American Airlines Inc.,1.00,190.00,171.00,0.00,1646.00,2026,1,F
BDA,ART,B6,JetBlue Airways,1.00,159.00,64.00,0.00,772.00,2026,2,F
ART,MBJ,B6,JetBlue Airways,1.00,159.00,105.00,0.00,1693.00,2026,1,F
ART,BDA,B6,JetBlue Airways,1.00,159.00,122.00,0.00,772.00,2026,2,F
ART,PLS,B6,JetBlue Airways,1.00,159.00,139.00,0.00,1421.00,2026,1,F
MBJ,ART,B6,JetBlue Airways,1.00,159.00,140.00,0.00,1693.00,2026,1,F
ART,LIR,B6,JetBlue Airways,1.00,159.00,142.00,0.00,2358.00,2026,2,F
PLS,ART,B6,JetBlue Airways,1.00,159.00,157.00,0.00,1421.00,2026,1,F
LIR,ART,B6,JetBlue Airways,1.00,159.00,157.00,0.00,2358.00,2026,2,F
ART,POP,AA,American Airlines Inc.,1.00,190.00,110.00,0.00,1558.00,2026,1,F
ART,CUN,AA,American Airlines Inc.,1.00,190.00,159.00,0.00,1734.00,2026,2,F
CUN,ART,AA,American Airlines Inc.,1.00,190.00,162.00,0.00,1734.00,2026,2,F
ART,POP,B6,JetBlue Airways,1.00,200.00,152.00,0.00,1558.00,2026,1,F
LIR,ART,B6,JetBlue Airways,1.00,200.00,156.00,0.00,2358.00,2026,1,F
ART,LIR,B6,JetBlue Airways,1.00,200.00,156.00,0.00,2358.00,2026,1,F
ART,PUJ,AA,American Airlines Inc.,1.00,190.00,132.00,0.00,1646.00,2026,2,F
PLS,ART,AA,American Airlines Inc.,1.00,190.00,141.00,0.00,1421.00,2026,2,F
NAS,ART,B6,JetBlue Airways,1.00,200.00,41.00,0.00,1250.00,2026,2,F
STI,ART,B6,JetBlue Airways,1.00,200.00,72.00,0.00,1582.00,2026,2,F
ART,STI,B6,JetBlue Airways,1.00,200.00,178.00,0.00,1582.00,2026,2,F
ART,PUJ,B6,JetBlue Airways,1.00,200.00,189.00,0.00,1646.00,2026,1,F
ART,NAS,B6,JetBlue Airways,1.00,200.00,192.00,0.00,1250.00,2026,2,F
ART,AUA,B6,JetBlue Airways,1.00,200.00,192.00,0.00,2057.00,2026,1,F
PUJ,ART,B6,JetBlue Airways,1.00,200.00,196.00,0.00,1646.00,2026,1,F
AUA,ART,B6,JetBlue Airways,1.00,200.00,200.00,0.00,2057.00,2026,1,F
DEL,ART,AA,American Airlines Inc.,1.00,284.00,266.00,0.00,7146.00,2026,2,F
PLS,ART,DL,Delta Air Lines Inc.,2.00,320.00,167.00,0.00,1421.00,2026,2,F
BDA,ART,B6,JetBlue Airways,2.00,324.00,269.00,0.00,772.00,2026,2,F
ART,NAS,DL,Delta Air Lines Inc.,1.00,109.00,105.00,0.00,1250.00,2026,2,F
NAS,ART,DL,Delta Air Lines Inc.,1.00,109.00,109.00,0.00,1250.00,2026,2,F
ART,SXM,B6,JetBlue Airways,1.00,162.00,132.00,0.00,1739.00,2026,2,F
SXM,ART,B6,JetBlue Airways,1.00,162.00,139.00,0.00,1739.00,2026,2,F
CUN,ART,NK,Spirit Air Lines,2.00,352.00,326.00,0.00,1734.00,2026,2,F
ART,MBJ,B6,JetBlue Airways,2.00,280.00,131.00,0.00,1693.00,2026,1,F
STI,ART,B6,JetBlue Airways,2.00,280.00,188.00,0.00,1582.00,2026,2,F
ART,PUJ,B6,JetBlue Airways,2.00,280.00,206.00,0.00,1646.00,2026,1,F
MBJ,ART,B6,JetBlue Airways,2.00,280.00,226.00,0.00,1693.00,2026,1,F
ART,STI,B6,JetBlue Airways,2.00,280.00,264.00,0.00,1582.00,2026,2,F
PUJ,ART,B6,JetBlue Airways,2.00,280.00,271.00,0.00,1646.00,2026,1,F
ART,UVF,B6,JetBlue Airways,2.00,324.00,197.00,0.00,2061.00,2026,1,F
UVF,ART,B6,JetBlue Airways,2.00,324.00,313.00,0.00,2061.00,2026,1,F
UVF,ART,B6,JetBlue Airways,2.00,318.00,281.00,0.00,2061.00,2026,2,F
ART,UVF,B6,JetBlue Airways,2.00,318.00,281.00,0.00,2061.00,2026,2,F
UVF,ART,B6,JetBlue Airways,2.00,320.00,278.00,0.00,2061.00,2026,2,F
ART,UVF,B6,JetBlue Airways,2.00,320.00,306.00,0.00,2061.00,2026,2,F
MBJ,ART,B6,JetBlue Airways,2.00,400.00,210.00,0.00,1693.00,2026,2,F
ART,MBJ,B6,JetBlue Airways,2.00,400.00,345.00,0.00,1693.00,2026,2,F
CUN,ART,B6,JetBlue Airways,2.00,400.00,349.00,0.00,1734.00,2026,2,F
ART,PUJ,B6,JetBlue Airways,2.00,400.00,390.00,0.00,1646.00,2026,2,F
PUJ,ART,B6,JetBlue Airways,2.00,400.00,397.00,0.00,1646.00,2026,2,F
ART,CUN,B6,JetBlue Airways,2.00,400.00,397.00,0.00,1734.00,2026,2,F
ART,DUB,DL,Delta Air Lines Inc.,2.00,562.00,466.00,11860.00,2993.00,2026,1,F
DUB,ART,DL,Delta Air Lines Inc.,2.00,562.00,551.00,4815.00,2993.00,2026,1,F
POP,ART,B6,JetBlue Airways,2.00,324.00,303.00,0.00,1558.00,2026,2,F
ART,CUN,NK,Spirit Air Lines,3.00,528.00,390.00,0.00,1734.00,2026,2,F
PUJ,ART,AA,American Airlines Inc.,3.00,450.00,391.00,0.00,1646.00,2026,2,F
ART,PUJ,AA,American Airlines Inc.,3.00,450.00,432.00,0.00,1646.00,2026,2,F
UVF,ART,B6,JetBlue Airways,3.00,486.00,301.00,0.00,2061.00,2026,2,F
ART,UVF,B6,JetBlue Airways,3.00,486.00,302.00,0.00,2061.00,2026,2,F
ART,POP,B6,JetBlue Airways,3.00,486.00,410.00,0.00,1558.00,2026,2,F
PLS,ART,B6,JetBlue Airways,3.00,486.00,432.00,0.00,1421.00,2026,2,F
ART,PLS,B6,JetBlue Airways,3.00,486.00,436.00,0.00,1421.00,2026,2,F
ART,CUN,AA,American Airlines Inc.,3.00,588.00,521.00,0.00,1734.00,2026,2,F
CUN,ART,AA,American Airlines Inc.,3.00,588.00,531.00,0.00,1734.00,2026,2,F
LIR,ART,B6,JetBlue Airways,3.00,480.00,404.00,0.00,2358.00,2026,2,F
ART,LIR,B6,JetBlue Airways,3.00,480.00,462.00,0.00,2358.00,2026,2,F
PLS,ART,AA,American Airlines Inc.,3.00,570.00,470.00,0.00,1421.00,2026,2,F
ART,PUJ,AA,American Airlines Inc.,3.00,570.00,415.00,0.00,1646.00,2026,1,F
ART,LIS,DL,Delta Air Lines Inc.,3.00,645.00,495.00,225.00,3192.00,2026,1,F
ART,FCO,DL,Delta Air Lines Inc.,3.00,842.00,671.00,7453.00,4093.00,2026,1,F
ART,AUA,DL,Delta Air Lines Inc.,3.00,540.00,399.00,0.00,2057.00,2026,1,F
AUA,ART,DL,Delta Air Lines Inc.,3.00,540.00,483.00,0.00,2057.00,2026,1,F
ART,POP,B6,JetBlue Airways,4.00,560.00,520.00,0.00,1558.00,2026,1,F
GCM,ART,B6,JetBlue Airways,4.00,560.00,526.00,0.00,1701.00,2026,2,F
ART,GCM,B6,JetBlue Airways,4.00,560.00,534.00,0.00,1701.00,2026,2,F
POP,ART,B6,JetBlue Airways,4.00,560.00,541.00,0.00,1558.00,2026,1,F
ART,CUN,AA,American Airlines Inc.,4.00,688.00,353.00,0.00,1734.00,2026,1,F
SXM,ART,B6,JetBlue Airways,4.00,648.00,368.00,0.00,1739.00,2026,1,F
ART,PUJ,B6,JetBlue Airways,4.00,648.00,416.00,0.00,1646.00,2026,1,F
ART,SXM,B6,JetBlue Airways,4.00,648.00,495.00,0.00,1739.00,2026,1,F
PUJ,ART,B6,JetBlue Airways,4.00,648.00,611.00,0.00,1646.00,2026,1,F
PUJ,ART,AA,American Airlines Inc.,4.00,760.00,672.00,573.00,1646.00,2026,1,F
ART,PLS,AA,American Airlines Inc.,4.00,760.00,646.00,0.00,1421.00,2026,1,F
LIR,ART,B6,JetBlue Airways,4.00,640.00,534.00,0.00,2358.00,2026,1,F
ART,LIR,B6,JetBlue Airways,4.00,640.00,614.00,0.00,2358.00,2026,1,F
ART,PLS,AA,American Airlines Inc.,4.00,760.00,659.00,0.00,1421.00,2026,2,F
ART,CUN,AA,American Airlines Inc.,4.00,760.00,665.00,0.00,1734.00,2026,1,F
CUN,ART,AA,American Airlines Inc.,4.00,760.00,707.00,0.00,1734.00,2026,1,F
NAS,ART,B6,JetBlue Airways,4.00,759.00,437.00,0.00,1250.00,2026,1,F
ART,NAS,B6,JetBlue Airways,4.00,759.00,553.00,0.00,1250.00,2026,1,F
LIR,ART,DL,Delta Air Lines Inc.,4.00,774.00,645.00,0.00,2358.00,2026,2,F
ART,LIR,DL,Delta Air Lines Inc.,4.00,775.00,705.00,0.00,2358.00,2026,2,F
LIS,ART,DL,Delta Air Lines Inc.,4.00,860.00,831.00,14128.00,3192.00,2026,1,F
FCO,ART,DL,Delta Air Lines Inc.,4.00,1122.00,1103.00,9255.00,4093.00,2026,1,F
ART,PLS,DL,Delta Air Lines Inc.,4.00,639.00,506.00,0.00,1421.00,2026,1,F
PLS,ART,DL,Delta Air Lines Inc.,4.00,640.00,456.00,0.00,1421.00,2026,1,F
SDQ,ART,B6,JetBlue Airways,4.00,648.00,475.00,0.00,1651.00,2026,2,F
BGI,ART,B6,JetBlue Airways,4.00,636.00,518.00,0.00,2132.00,2026,1,F
ART,BGI,B6,JetBlue Airways,4.00,636.00,553.00,0.00,2132.00,2026,1,F
UVF,ART,B6,JetBlue Airways,4.00,640.00,563.00,0.00,2061.00,2026,1,F
ART,UVF,B6,JetBlue Airways,4.00,640.00,593.00,0.00,2061.00,2026,1,F
ART,NAS,B6,JetBlue Airways,5.00,700.00,461.00,0.00,1250.00,2026,1,F
CUN,ART,B6,JetBlue Airways,5.00,700.00,498.00,0.00,1734.00,2026,2,F
ART,CUN,B6,JetBlue Airways,5.00,700.00,597.00,0.00,1734.00,2026,2,F
ART,GCM,B6,JetBlue Airways,5.00,700.00,635.00,0.00,1701.00,2026,1,F
GCM,ART,B6,JetBlue Airways,5.00,700.00,662.00,0.00,1701.00,2026,1,F
NAS,ART,B6,JetBlue Airways,5.00,700.00,674.00,0.00,1250.00,2026,1,F
CUN,ART,AA,American Airlines Inc.,5.00,860.00,823.00,0.00,1734.00,2026,1,F
ART,PUJ,AA,American Airlines Inc.,5.00,860.00,290.00,0.00,1646.00,2026,1,F
PUJ,ART,AA,American Airlines Inc.,5.00,860.00,837.00,0.00,1646.00,2026,1,F
BGI,ART,B6,JetBlue Airways,5.00,810.00,439.00,0.00,2132.00,2026,1,F
ART,BGI,B6,JetBlue Airways,5.00,810.00,480.00,0.00,2132.00,2026,1,F
ART,SDQ,B6,JetBlue Airways,5.00,810.00,705.00,0.00,1651.00,2026,2,F
PLS,ART,DL,Delta Air Lines Inc.,5.00,900.00,650.00,0.00,1421.00,2026,2,F
ART,PLS,DL,Delta Air Lines Inc.,5.00,900.00,790.00,0.00,1421.00,2026,2,F
PLS,ART,AA,American Airlines Inc.,5.00,950.00,688.00,0.00,1421.00,2026,1,F
ART,SXM,B6,JetBlue Airways,5.00,1000.00,685.00,0.00,1739.00,2026,1,F
SXM,ART,B6,JetBlue Airways,5.00,1000.00,967.00,0.00,1739.00,2026,1,F
ART,LIR,DL,Delta Air Lines Inc.,5.00,968.00,907.00,0.00,2358.00,2026,1,F
LIR,ART,DL,Delta Air Lines Inc.,5.00,970.00,863.00,0.00,2358.00,2026,1,F
MBJ,ART,B6,JetBlue Airways,5.00,810.00,547.00,0.00,1693.00,2026,2,F
ART,MBJ,B6,JetBlue Airways,5.00,810.00,549.00,0.00,1693.00,2026,1,F
ART,PLS,B6,JetBlue Airways,5.00,810.00,605.00,0.00,1421.00,2026,1,F
ART,MBJ,B6,JetBlue Airways,5.00,810.00,652.00,0.00,1693.00,2026,2,F
LIR,ART,B6,JetBlue Airways,6.00,972.00,567.00,0.00,2358.00,2026,2,F
ART,LIR,B6,JetBlue Airways,6.00,972.00,762.00,0.00,2358.00,2026,2,F
MBJ,ART,B6,JetBlue Airways,6.00,972.00,817.00,0.00,1693.00,2026,1,F
PLS,ART,B6,JetBlue Airways,6.00,972.00,888.00,0.00,1421.00,2026,1,F
ART,CUN,B6,JetBlue Airways,6.00,1200.00,839.00,0.00,1734.00,2026,1,F
CUN,ART,B6,JetBlue Airways,6.00,1200.00,1178.00,0.00,1734.00,2026,1,F
DUB,ART,DL,Delta Air Lines Inc.,5.00,1075.00,639.00,39279.00,2993.00,2026,2,F
ART,CUN,B6,JetBlue Airways,6.00,972.00,846.00,0.00,1734.00,2026,2,F
CUN,ART,B6,JetBlue Airways,7.00,1134.00,1090.00,0.00,1734.00,2026,2,F
ART,BGI,B6,JetBlue Airways,7.00,1236.00,965.00,0.00,2132.00,2026,2,F
BGI,ART,B6,JetBlue Airways,7.00,1236.00,980.00,0.00,2132.00,2026,2,F
ART,DUB,DL,Delta Air Lines Inc.,6.00,1290.00,970.00,17419.00,2993.00,2026,2,F
ART,NAS,B6,JetBlue Airways,7.00,980.00,861.00,0.00,1250.00,2026,2,F
ART,SDQ,B6,JetBlue Airways,8.00,1120.00,898.00,0.00,1651.00,2026,1,F
SDQ,ART,B6,JetBlue Airways,8.00,1120.00,1026.00,0.00,1651.00,2026,1,F
NAS,ART,B6,JetBlue Airways,8.00,1120.00,1039.00,0.00,1250.00,2026,2,F
SXM,ART,B6,JetBlue Airways,8.00,1395.00,1148.00,0.00,1739.00,2026,2,F
PLS,ART,B6,JetBlue Airways,8.00,1600.00,1036.00,0.00,1421.00,2026,2,F
ART,PLS,B6,JetBlue Airways,8.00,1600.00,1424.00,0.00,1421.00,2026,2,F
LIS,ART,DL,Delta Air Lines Inc.,8.00,1720.00,1381.00,105850.00,3192.00,2026,2,F
NAS,ART,B6,JetBlue Airways,8.00,1296.00,638.00,0.00,1250.00,2026,2,F
ART,SXM,B6,JetBlue Airways,8.00,1600.00,1475.00,0.00,1739.00,2026,2,F
ART,LIS,DL,Delta Air Lines Inc.,8.00,1720.00,1403.00,0.00,3192.00,2026,2,F
ART,NAS,B6,JetBlue Airways,9.00,1458.00,1112.00,0.00,1250.00,2026,2,F
ART,AMS,B6,JetBlue Airways,10.00,1380.00,715.00,0.00,3457.00,2026,1,F
AMS,ART,B6,JetBlue Airways,10.00,1380.00,976.00,0.00,3457.00,2026,1,F
ART,SXM,B6,JetBlue Airways,10.00,1795.00,1602.00,0.00,1739.00,2026,2,F
ART,STI,B6,JetBlue Airways,11.00,1782.00,1390.00,0.00,1582.00,2026,2,F
SDQ,ART,B6,JetBlue Airways,10.00,1400.00,1222.00,0.00,1651.00,2026,2,F
NAS,ART,DL,Delta Air Lines Inc.,10.00,1800.00,1475.00,0.00,1250.00,2026,2,F
ART,NAS,DL,Delta Air Lines Inc.,10.00,1800.00,1626.00,580.00,1250.00,2026,2,F
SXM,ART,B6,JetBlue Airways,10.00,2000.00,1487.00,0.00,1739.00,2026,2,F
ART,SDQ,B6,JetBlue Airways,11.00,1540.00,1442.00,0.00,1651.00,2026,2,F
STI,ART,B6,JetBlue Airways,11.00,1782.00,1447.00,0.00,1582.00,2026,2,F
MBJ,ART,DL,Delta Air Lines Inc.,11.00,1980.00,1422.00,0.00,1693.00,2026,2,F
ART,MBJ,DL,Delta Air Lines Inc.,11.00,1980.00,1641.00,0.00,1693.00,2026,2,F
SDQ,ART,NK,Spirit Air Lines,12.00,2112.00,1258.00,0.00,1651.00,2026,2,F
STI,ART,B6,JetBlue Airways,12.00,1680.00,1589.00,0.00,1582.00,2026,1,F
ART,STI,B6,JetBlue Airways,13.00,1820.00,1637.00,0.00,1582.00,2026,1,F
LIR,ART,B6,JetBlue Airways,11.00,1540.00,1272.00,0.00,2358.00,2026,2,F
BDA,ART,B6,JetBlue Airways,12.00,1680.00,899.00,0.00,772.00,2026,2,F
ART,BDA,B6,JetBlue Airways,12.00,1680.00,952.00,0.00,772.00,2026,2,F
ART,LIR,B6,JetBlue Airways,12.00,1680.00,1590.00,0.00,2358.00,2026,2,F
NAS,ART,B6,JetBlue Airways,12.00,2400.00,1747.00,0.00,1250.00,2026,2,F
ART,MBJ,DL,Delta Air Lines Inc.,13.00,2340.00,1443.00,0.00,1693.00,2026,1,F
MBJ,ART,DL,Delta Air Lines Inc.,13.00,2340.00,1871.00,0.00,1693.00,2026,1,F
ART,NAS,B6,JetBlue Airways,13.00,2600.00,2408.00,0.00,1250.00,2026,2,F
ART,SDQ,NK,Spirit Air Lines,14.00,2464.00,1084.00,0.00,1651.00,2026,2,F
ART,SDQ,B6,JetBlue Airways,14.00,2268.00,1711.00,0.00,1651.00,2026,1,F
ART,LIR,B6,JetBlue Airways,12.00,1944.00,1306.00,0.00,2358.00,2026,1,F
LIR,ART,B6,JetBlue Airways,12.00,1944.00,1698.00,0.00,2358.00,2026,1,F
SDQ,ART,B6,JetBlue Airways,14.00,2268.00,1908.00,6787.00,1651.00,2026,1,F
SXM,ART,B6,JetBlue Airways,13.00,2395.00,1811.00,0.00,1739.00,2026,1,F
ART,NAS,DL,Delta Air Lines Inc.,14.00,2520.00,1813.00,25.00,1250.00,2026,1,F
NAS,ART,DL,Delta Air Lines Inc.,14.00,2520.00,1882.00,0.00,1250.00,2026,1,F
ART,SXM,B6,JetBlue Airways,14.00,2595.00,1846.00,0.00,1739.00,2026,1,F
PUJ,ART,B6,JetBlue Airways,15.00,3000.00,2462.00,0.00,1646.00,2026,2,F
ART,PUJ,B6,JetBlue Airways,15.00,3000.00,2579.00,0.00,1646.00,2026,2,F
AUA,ART,B6,JetBlue Airways,15.00,2430.00,2230.00,0.00,2057.00,2026,1,F
ART,AUA,B6,JetBlue Airways,14.00,2268.00,1868.00,0.00,2057.00,2026,1,F
BDA,ART,B6,JetBlue Airways,17.00,2380.00,1186.00,0.00,772.00,2026,1,F
ART,BDA,B6,JetBlue Airways,17.00,2380.00,1271.00,0.00,772.00,2026,1,F
LHR,ART,AA,American Airlines Inc.,21.00,5712.00,3577.00,638539.00,3265.00,2026,2,F
ART,LHR,AA,American Airlines Inc.,21.00,5712.00,3832.00,201494.00,3265.00,2026,2,F
ART,STI,B6,JetBlue Airways,22.00,3564.00,2722.00,0.00,1582.00,2026,1,F
STI,ART,B6,JetBlue Airways,22.00,3564.00,3146.00,0.00,1582.00,2026,1,F
STI,ART,B6,JetBlue Airways,25.00,5000.00,4519.00,0.00,1582.00,2026,1,F
ART,STI,B6,JetBlue Airways,26.00,5200.00,2900.00,0.00,1582.00,2026,1,F
ART,AUA,DL,Delta Air Lines Inc.,26.00,5044.00,3904.00,0.00,2057.00,2026,1,F
AUA,ART,DL,Delta Air Lines Inc.,26.00,5044.00,4190.00,0.00,2057.00,2026,1,F
AUA,ART,DL,Delta Air Lines Inc.,23.00,4462.00,3682.00,0.00,2057.00,2026,2,F
AUA,ART,B6,JetBlue Airways,24.00,3888.00,3333.00,0.00,2057.00,2026,2,F
AMS,ART,DL,Delta Air Lines Inc.,25.00,7019.00,5076.00,625168.00,3457.00,2026,2,F
ART,AUA,B6,JetBlue Airways,26.00,4212.00,3754.00,0.00,2057.00,2026,2,F
ART,CUN,DL,Delta Air Lines Inc.,26.00,4678.00,4194.00,0.00,1734.00,2026,2,F
CUN,ART,DL,Delta Air Lines Inc.,26.00,4679.00,4174.00,32115.00,1734.00,2026,2,F
ART,CDG,B6,JetBlue Airways,26.00,3588.00,2585.00,0.00,3449.00,2026,2,F
CDG,ART,B6,JetBlue Airways,26.00,3588.00,2875.00,0.00,3449.00,2026,2,F
ART,LHR,B6,JetBlue Airways,26.00,3610.00,2292.00,0.00,3265.00,2026,2,F
ART,AMS,B6,JetBlue Airways,26.00,3610.00,2304.00,0.00,3457.00,2026,2,F
LHR,ART,B6,JetBlue Airways,26.00,3610.00,2518.00,0.00,3265.00,2026,2,F
AMS,ART,B6,JetBlue Airways,26.00,3610.00,2607.00,0.00,3457.00,2026,2,F
ART,AUA,DL,Delta Air Lines Inc.,26.00,5043.00,4284.00,734.00,2057.00,2026,2,F
ART,AMS,DL,Delta Air Lines Inc.,26.00,7302.00,6516.00,216976.00,3457.00,2026,2,F
CDG,ART,DL,Delta Air Lines Inc.,27.00,7582.00,5937.00,422063.00,3449.00,2026,2,F
LHR,ART,DL,Delta Air Lines Inc.,27.00,7584.00,3793.00,443469.00,3265.00,2026,2,F
ART,LHR,DL,Delta Air Lines Inc.,27.00,7585.00,4733.00,148238.00,3265.00,2026,2,F
ART,CDG,DL,Delta Air Lines Inc.,27.00,7586.00,6350.00,246955.00,3449.00,2026,2,F
ART,PUJ,DL,Delta Air Lines Inc.,28.00,5038.00,4516.00,0.00,1646.00,2026,2,F
PUJ,ART,DL,Delta Air Lines Inc.,28.00,5039.00,4197.00,0.00,1646.00,2026,2,F
ART,PUJ,B6,JetBlue Airways,28.00,5600.00,3857.00,0.00,1646.00,2026,1,F
PUJ,ART,B6,JetBlue Airways,28.00,5600.00,5244.00,0.00,1646.00,2026,1,F
ART,AMS,DL,Delta Air Lines Inc.,27.00,7584.00,6725.00,224852.00,3457.00,2026,1,F
AMS,ART,DL,Delta Air Lines Inc.,27.00,7586.00,6533.00,458517.00,3457.00,2026,1,F
ART,LHR,B6,JetBlue Airways,29.00,4002.00,2713.00,0.00,3265.00,2026,1,F
ART,LHR,AA,American Airlines Inc.,29.00,7888.00,4990.00,194680.00,3265.00,2026,1,F
PUJ,ART,DL,Delta Air Lines Inc.,30.00,5397.00,4994.00,0.00,1646.00,2026,1,F
ART,PUJ,DL,Delta Air Lines Inc.,30.00,5399.00,4499.00,0.00,1646.00,2026,1,F
ART,CDG,B6,JetBlue Airways,30.00,4140.00,2642.00,0.00,3449.00,2026,1,F
LHR,ART,B6,JetBlue Airways,30.00,4140.00,3157.00,0.00,3265.00,2026,1,F
CDG,ART,B6,JetBlue Airways,30.00,4140.00,3422.00,0.00,3449.00,2026,1,F
LHR,ART,DL,Delta Air Lines Inc.,30.00,8424.00,5384.00,294083.00,3265.00,2026,1,F
ART,LHR,DL,Delta Air Lines Inc.,30.00,8428.00,5208.00,103438.00,3265.00,2026,1,F
ART,CDG,DL,Delta Air Lines Inc.,30.00,8429.00,7078.00,238417.00,3449.00,2026,1,F
CDG,ART,DL,Delta Air Lines Inc.,30.00,8430.00,7666.00,334774.00,3449.00,2026,1,F
PUJ,ART,B6,JetBlue Airways,28.00,4488.00,3615.00,0.00,1646.00,2026,2,F
ART,PUJ,B6,JetBlue Airways,29.00,4650.00,4371.00,0.00,1646.00,2026,2,F
LHR,ART,AA,American Airlines Inc.,30.00,8157.00,5811.00,767673.00,3265.00,2026,1,F
STI,ART,B6,JetBlue Airways,30.00,6000.00,4260.00,0.00,1582.00,2026,2,F
ART,STI,B6,JetBlue Airways,30.00,6000.00,4451.00,0.00,1582.00,2026,2,F
CUN,ART,DL,Delta Air Lines Inc.,34.00,6118.00,5685.00,39619.00,1734.00,2026,1,F
ART,CUN,DL,Delta Air Lines Inc.,34.00,6120.00,5111.00,0.00,1734.00,2026,1,F
CUN,ART,B6,JetBlue Airways,36.00,7200.00,6389.00,0.00,1734.00,2026,2,F
ART,CUN,B6,JetBlue Airways,37.00,7400.00,6897.00,0.00,1734.00,2026,2,F
ART,CUN,B6,JetBlue Airways,42.00,8400.00,6805.00,0.00,1734.00,2026,1,F
CUN,ART,B6,JetBlue Airways,42.00,8400.00,7790.00,0.00,1734.00,2026,1,F
AUA,ART,B6,JetBlue Airways,45.00,8836.00,6904.00,0.00,2057.00,2026,2,F
ART,AUA,B6,JetBlue Airways,46.00,9036.00,8224.00,0.00,2057.00,2026,2,F
ART,SDQ,B6,JetBlue Airways,46.00,9200.00,7164.00,9260.00,1651.00,2026,2,F
SDQ,ART,B6,JetBlue Airways,47.00,9400.00,7292.00,10411.00,1651.00,2026,2,F
ART,SDQ,B6,JetBlue Airways,54.00,10800.00,7942.00,1780.00,1651.00,2026,1,F
SDQ,ART,B6,JetBlue Airways,53.00,10600.00,9986.00,0.00,1651.00,2026,1,F
ART,AUA,B6,JetBlue Airways,57.00,11154.00,9085.00,0.00,2057.00,2026,1,F
AUA,ART,B6,JetBlue Airways,58.00,11354.00,9731.00,0.00,2057.00,2026,1,F
